Date,Open,High,Low,Close,Adj Close,Volume
2019-06-13 00:00:00,,,,,,
2019-06-14 00:00:00,,,,,,
2019-06-17 00:00:00,45.40,45.86,44.78,45.80,42.20,280200.00
2019-06-18 00:00:00,46.24,46.78,45.80,46.19,42.56,406400.00
2019-06-19 00:00:00,46.00,46.14,45.48,45.88,42.27,256400.00
2019-06-20 00:00:00,46.88,46.93,46.04,46.39,42.74,324200.00
2019-06-21 00:00:00,46.02,46.02,45.30,45.65,42.06,554100.00
2019-06-24 00:00:00,46.49,46.49,45.55,45.62,42.03,237500.00
2019-06-25 00:00:00,45.59,45.97,45.09,45.49,41.91,252600.00
2019-06-26 00:00:00,45.75,46.29,45.44,45.70,42.10,179500.00
2019-06-27 00:00:00,45.80,46.48,45.72,46.09,42.46,551100.00
2019-06-28 00:00:00,46.49,47.84,46.31,47.71,43.96,494000.00
2019-07-01 00:00:00,48.25,49.07,47.80,48.23,44.44,337800.00
2019-07-02 00:00:00,48.12,48.12,47.31,47.66,43.91,437600.00
2019-07-03 00:00:00,47.71,48.05,47.16,47.74,43.98,263300.00
2019-07-04 00:00:00,,,,,,
2019-07-05 00:00:00,47.04,48.17,47.04,47.60,43.85,155900.00
2019-07-08 00:00:00,47.56,47.67,46.33,46.40,42.75,262100.00
2019-07-09 00:00:00,46.16,46.19,45.60,45.82,42.21,213200.00
2019-07-10 00:00:00,46.03,46.34,44.97,45.01,41.47,242900.00
2019-07-11 00:00:00,44.85,44.96,43.99,44.46,40.96,252300.00
2019-07-12 00:00:00,44.57,45.81,44.44,45.66,42.07,283800.00
2019-07-15 00:00:00,45.84,46.36,45.45,45.80,42.20,404700.00
2019-07-16 00:00:00,45.72,46.75,45.37,46.32,42.68,220500.00
2019-07-17 00:00:00,46.31,46.31,44.92,44.97,41.43,224400.00
2019-07-18 00:00:00,44.86,45.18,44.39,44.62,41.11,182500.00
2019-07-19 00:00:00,44.72,45.75,44.72,45.07,41.52,235500.00
2019-07-22 00:00:00,45.35,45.39,44.55,44.66,41.15,167800.00
2019-07-23 00:00:00,44.76,45.99,44.29,45.87,42.26,256700.00
2019-07-24 00:00:00,45.53,47.17,45.53,47.09,43.38,193600.00
2019-07-25 00:00:00,47.00,47.00,45.82,46.09,42.46,256800.00
2019-07-26 00:00:00,46.23,46.43,45.73,45.95,42.33,306700.00
2019-07-29 00:00:00,46.01,46.01,44.29,44.42,40.92,507600.00
2019-07-30 00:00:00,44.09,45.92,43.86,45.89,42.28,279800.00
2019-07-31 00:00:00,44.91,46.16,44.34,44.72,41.20,560700.00
2019-08-01 00:00:00,44.66,45.48,42.25,42.50,39.16,539900.00
2019-08-02 00:00:00,42.00,42.18,40.63,41.38,38.12,449000.00
2019-08-05 00:00:00,39.50,40.31,38.63,39.52,36.41,773100.00
2019-08-06 00:00:00,39.92,40.41,37.11,39.01,35.94,889800.00
2019-08-07 00:00:00,38.18,39.28,37.76,38.80,35.75,616500.00
2019-08-08 00:00:00,39.29,40.49,38.81,40.20,37.04,647400.00
2019-08-09 00:00:00,40.06,40.06,38.14,38.21,35.20,459500.00
2019-08-12 00:00:00,38.37,38.37,37.63,38.12,35.12,333500.00
2019-08-13 00:00:00,37.73,40.18,37.52,38.99,35.92,370200.00
2019-08-14 00:00:00,38.16,38.18,37.50,37.75,34.78,415000.00
2019-08-15 00:00:00,37.76,38.15,37.41,37.69,34.72,347200.00
2019-08-16 00:00:00,37.94,38.60,37.84,38.34,35.32,424400.00
2019-08-19 00:00:00,39.16,39.18,38.72,38.82,35.77,395400.00
2019-08-20 00:00:00,38.57,38.91,38.16,38.43,35.41,313500.00
2019-08-21 00:00:00,38.99,39.28,38.60,38.64,35.60,282800.00
2019-08-22 00:00:00,38.78,39.41,38.72,38.89,35.83,293200.00
2019-08-23 00:00:00,38.65,39.27,37.78,37.90,34.92,437300.00
2019-08-26 00:00:00,38.52,38.70,37.84,38.05,35.06,288500.00
2019-08-27 00:00:00,38.53,38.56,37.71,37.94,34.95,290000.00
2019-08-28 00:00:00,37.97,39.14,37.62,38.98,35.91,324700.00
2019-08-29 00:00:00,39.20,39.97,39.20,39.47,36.69,253600.00
2019-08-30 00:00:00,39.87,40.32,39.60,40.00,37.19,213900.00
2019-09-02 00:00:00,,,,,,
2019-09-03 00:00:00,39.33,39.43,38.56,38.85,36.12,355100.00
2019-09-04 00:00:00,39.63,40.16,39.48,39.96,37.15,232100.00
2019-09-05 00:00:00,40.52,41.84,40.52,41.59,38.66,306600.00
2019-09-06 00:00:00,41.69,42.41,41.33,42.16,39.19,361500.00
2019-09-09 00:00:00,42.40,44.01,41.98,43.81,40.73,383300.00
2019-09-10 00:00:00,43.97,45.84,43.31,45.84,42.62,430500.00
2019-09-11 00:00:00,46.08,46.99,44.51,46.99,43.68,319800.00
2019-09-12 00:00:00,46.92,47.17,45.88,46.92,43.62,354200.00
2019-09-13 00:00:00,47.61,48.04,46.68,47.23,43.91,298900.00
2019-09-16 00:00:00,47.10,47.50,46.42,46.75,43.46,431400.00
2019-09-17 00:00:00,46.33,46.33,45.42,45.94,42.71,284100.00
2019-09-18 00:00:00,45.63,45.81,44.96,45.44,42.24,368000.00
2019-09-19 00:00:00,45.57,46.32,45.30,45.38,42.19,264700.00
2019-09-20 00:00:00,45.59,45.95,45.09,45.29,42.10,559500.00
2019-09-23 00:00:00,44.77,45.89,44.65,45.61,42.40,210500.00
2019-09-24 00:00:00,45.46,45.69,44.23,44.39,41.27,540400.00
2019-09-25 00:00:00,44.46,45.50,44.35,45.28,42.10,227100.00
2019-09-26 00:00:00,45.01,45.33,44.53,45.11,41.94,183400.00
2019-09-27 00:00:00,45.26,45.92,44.61,44.63,41.49,172100.00
2019-09-30 00:00:00,44.75,45.54,44.48,45.32,42.13,182900.00
2019-10-01 00:00:00,45.59,46.31,43.47,43.66,40.59,141400.00
2019-10-02 00:00:00,43.03,43.70,42.65,43.22,40.18,265100.00
2019-10-03 00:00:00,42.89,43.33,42.19,43.24,40.20,292300.00
2019-10-04 00:00:00,43.40,43.92,42.95,43.71,40.64,299100.00
2019-10-07 00:00:00,43.48,44.12,43.23,43.27,40.23,305500.00
2019-10-08 00:00:00,42.75,42.95,42.14,42.33,39.35,192000.00
2019-10-09 00:00:00,42.75,43.00,42.24,42.71,39.71,166700.00
2019-10-10 00:00:00,42.89,43.31,42.34,42.66,39.66,164900.00
2019-10-11 00:00:00,43.59,44.93,43.59,44.49,41.36,188400.00
2019-10-14 00:00:00,44.04,44.45,43.04,43.64,40.57,207200.00
2019-10-15 00:00:00,43.72,44.56,43.37,43.87,40.78,255000.00
2019-10-16 00:00:00,42.60,43.98,42.50,43.25,40.21,247600.00
2019-10-17 00:00:00,43.70,44.06,43.43,43.83,40.75,334100.00
2019-10-18 00:00:00,43.87,44.20,43.70,43.77,40.69,184100.00
2019-10-21 00:00:00,44.45,44.97,43.93,43.97,40.88,179100.00
2019-10-22 00:00:00,43.84,44.78,43.03,44.46,41.33,258000.00
2019-10-23 00:00:00,44.74,45.09,44.25,44.92,41.76,200800.00
2019-10-24 00:00:00,45.36,45.36,44.34,44.70,41.56,200800.00
2019-10-25 00:00:00,44.40,45.77,44.33,45.63,42.42,164800.00
2019-10-28 00:00:00,45.96,46.62,45.41,45.67,42.46,246300.00
2019-10-29 00:00:00,45.48,46.23,45.34,45.85,42.63,268900.00
2019-10-30 00:00:00,45.64,45.84,45.02,45.69,42.48,184800.00
2019-10-31 00:00:00,45.43,45.43,43.29,43.59,40.52,377000.00
2019-11-01 00:00:00,44.12,46.47,43.88,45.93,42.70,388100.00
2019-11-04 00:00:00,46.52,48.55,46.21,48.20,44.81,426800.00
2019-11-05 00:00:00,46.40,50.58,45.66,49.93,46.42,624800.00
2019-11-06 00:00:00,49.18,49.19,47.74,48.09,44.71,407500.00
2019-11-07 00:00:00,48.82,49.99,48.60,49.72,46.22,357200.00
2019-11-08 00:00:00,49.72,50.29,48.95,50.23,46.70,433800.00
2019-11-11 00:00:00,49.93,50.19,49.41,49.47,45.99,346400.00
2019-11-12 00:00:00,49.69,49.84,48.88,49.34,45.87,305600.00
2019-11-13 00:00:00,48.82,49.47,48.61,49.30,45.83,242300.00
2019-11-14 00:00:00,49.02,49.55,49.00,49.03,45.58,214800.00
2019-11-15 00:00:00,49.30,49.62,48.03,48.05,44.67,307700.00
2019-11-18 00:00:00,47.91,48.32,47.41,48.24,44.85,259200.00
2019-11-19 00:00:00,48.53,48.53,47.85,47.94,44.57,213200.00
2019-11-20 00:00:00,47.60,48.59,47.35,47.76,44.40,384100.00
2019-11-21 00:00:00,48.01,48.10,47.06,47.10,43.79,277200.00
2019-11-22 00:00:00,47.45,47.88,47.14,47.23,43.91,235200.00
2019-11-25 00:00:00,47.50,47.78,47.19,47.66,44.31,290300.00
2019-11-26 00:00:00,47.82,47.82,47.22,47.68,44.33,246500.00
2019-11-27 00:00:00,47.44,47.82,47.10,47.64,44.62,154100.00
2019-11-28 00:00:00,,,,,,
2019-11-29 00:00:00,47.51,47.58,46.84,46.99,44.01,70800.00
2019-12-02 00:00:00,47.23,48.14,46.58,46.67,43.71,269200.00
2019-12-03 00:00:00,45.86,46.15,45.35,45.75,42.85,166200.00
2019-12-04 00:00:00,46.18,47.13,46.15,46.20,43.27,213800.00
2019-12-05 00:00:00,46.45,46.59,46.01,46.47,43.52,280200.00
2019-12-06 00:00:00,47.15,48.10,47.15,47.76,44.73,348500.00
2019-12-09 00:00:00,47.76,47.90,46.96,47.10,44.11,544600.00
2019-12-10 00:00:00,46.92,47.77,46.77,47.26,44.26,194600.00
2019-12-11 00:00:00,47.50,47.82,47.12,47.50,44.49,230200.00
2019-12-12 00:00:00,47.32,48.62,47.25,48.32,45.25,350300.00
2019-12-13 00:00:00,48.42,48.75,47.37,47.46,44.45,263300.00
2019-12-16 00:00:00,47.78,48.40,47.09,47.15,44.16,300000.00
2019-12-17 00:00:00,47.10,47.31,46.60,46.82,43.85,327900.00
2019-12-18 00:00:00,47.13,47.44,46.66,47.19,44.20,726200.00
2019-12-19 00:00:00,47.31,47.84,46.98,47.60,44.58,377800.00
2019-12-20 00:00:00,47.95,48.38,47.50,47.74,44.71,662000.00
2019-12-23 00:00:00,47.71,48.08,47.45,48.00,44.95,165200.00
2019-12-24 00:00:00,48.01,48.04,47.53,47.61,44.59,78600.00
2019-12-25 00:00:00,,,,,,
2019-12-26 00:00:00,47.62,48.02,47.30,47.36,44.35,124000.00
2019-12-27 00:00:00,47.53,47.57,46.93,46.98,44.00,121800.00
2019-12-30 00:00:00,47.22,47.48,46.92,47.06,44.07,143400.00
2019-12-31 00:00:00,46.95,47.80,46.95,47.52,44.50,184500.00
2020-01-02 00:00:00,47.91,48.18,46.61,47.10,44.11,213900.00
2020-01-03 00:00:00,46.44,46.69,45.92,46.32,43.38,284200.00
2020-01-06 00:00:00,46.19,46.54,45.45,46.05,43.13,312100.00
2020-01-07 00:00:00,46.07,46.47,45.68,45.97,43.05,189500.00
2020-01-08 00:00:00,45.77,46.40,45.63,46.18,43.25,255200.00
2020-01-09 00:00:00,46.44,46.69,45.45,45.54,42.65,219300.00
2020-01-10 00:00:00,45.60,45.62,44.76,44.83,41.99,232500.00
2020-01-13 00:00:00,44.90,45.83,44.70,45.83,42.92,174600.00
2020-01-14 00:00:00,45.55,46.29,45.55,45.84,42.93,145300.00
2020-01-15 00:00:00,45.51,45.97,44.87,45.16,42.29,227600.00
2020-01-16 00:00:00,45.48,45.96,45.39,45.56,42.67,157200.00
2020-01-17 00:00:00,45.66,45.71,44.53,44.80,41.96,164600.00
2020-01-20 00:00:00,,,,,,
2020-01-21 00:00:00,44.57,44.83,44.13,44.33,41.52,297900.00
2020-01-22 00:00:00,44.35,44.54,43.15,43.33,40.58,190400.00
2020-01-23 00:00:00,43.01,43.73,42.08,43.47,40.71,324700.00
2020-01-24 00:00:00,43.27,43.32,42.57,43.15,40.41,325400.00
2020-01-27 00:00:00,42.00,42.20,41.26,41.30,38.68,445200.00
2020-01-28 00:00:00,41.66,41.90,41.31,41.53,38.89,232100.00
2020-01-29 00:00:00,41.76,42.10,41.04,41.46,38.83,330600.00
2020-01-30 00:00:00,40.89,41.44,40.37,41.35,38.73,243100.00
2020-01-31 00:00:00,40.67,40.87,39.48,39.85,37.32,522500.00
2020-02-03 00:00:00,40.20,40.67,39.79,40.13,37.58,472800.00
2020-02-04 00:00:00,42.07,44.55,41.38,42.15,39.48,712600.00
2020-02-05 00:00:00,42.51,43.50,41.83,43.04,40.31,529400.00
2020-02-06 00:00:00,43.20,43.38,42.21,42.34,39.65,528400.00
2020-02-07 00:00:00,43.67,43.72,41.60,41.89,39.23,289300.00
2020-02-10 00:00:00,41.78,42.54,41.76,41.85,39.19,222000.00
2020-02-11 00:00:00,42.09,43.58,42.09,42.95,40.22,476500.00
2020-02-12 00:00:00,43.44,43.97,43.44,43.80,41.02,327600.00
2020-02-13 00:00:00,43.50,43.78,43.06,43.14,40.40,283500.00
2020-02-14 00:00:00,43.12,43.63,42.87,43.45,40.69,397900.00
2020-02-17 00:00:00,,,,,,
2020-02-18 00:00:00,43.23,43.39,41.93,42.22,39.54,271900.00
2020-02-19 00:00:00,42.35,42.92,42.27,42.63,39.92,184800.00
2020-02-20 00:00:00,42.52,43.43,42.39,43.30,40.55,264500.00
2020-02-21 00:00:00,42.98,43.33,42.54,42.97,40.24,250100.00
2020-02-24 00:00:00,41.01,41.66,40.67,41.44,38.81,497400.00
2020-02-25 00:00:00,41.65,41.66,39.36,39.54,37.03,399300.00
2020-02-26 00:00:00,39.99,40.13,38.84,38.94,36.47,343700.00
2020-02-27 00:00:00,37.59,38.40,36.40,36.94,34.91,923000.00
2020-02-28 00:00:00,35.38,37.67,35.38,37.38,35.33,581300.00
2020-03-02 00:00:00,37.59,38.66,36.41,38.61,36.49,541100.00
2020-03-03 00:00:00,38.45,39.53,36.73,37.55,35.49,397800.00
2020-03-04 00:00:00,38.16,38.52,37.28,38.46,36.35,297500.00
2020-03-05 00:00:00,37.37,37.68,36.00,36.65,34.64,268100.00
2020-03-06 00:00:00,35.73,36.40,34.49,35.30,33.36,399400.00
2020-03-09 00:00:00,32.83,40.59,29.68,32.42,30.64,858300.00
2020-03-10 00:00:00,33.69,33.69,30.26,32.19,30.42,548500.00
2020-03-11 00:00:00,31.23,31.24,29.16,29.91,28.27,544000.00
2020-03-12 00:00:00,27.25,28.66,25.82,28.33,26.77,640900.00
2020-03-13 00:00:00,29.99,32.30,26.93,32.27,30.50,787200.00
2020-03-16 00:00:00,26.00,29.62,26.00,26.12,24.68,515900.00
2020-03-17 00:00:00,26.76,29.46,25.32,29.42,27.80,604700.00
2020-03-18 00:00:00,27.13,28.42,22.11,22.68,21.43,608900.00
2020-03-19 00:00:00,22.44,23.95,21.20,22.67,21.42,606900.00
2020-03-20 00:00:00,21.88,22.41,20.00,21.08,19.92,1089300.00
2020-03-23 00:00:00,21.13,22.72,20.01,21.94,20.73,574200.00
2020-03-24 00:00:00,23.19,24.81,23.03,24.32,22.98,416800.00
2020-03-25 00:00:00,24.35,26.95,24.35,26.16,24.72,740700.00
2020-03-26 00:00:00,26.11,27.31,26.02,26.73,25.26,346200.00
2020-03-27 00:00:00,25.64,26.24,24.85,25.04,23.66,413200.00
2020-03-30 00:00:00,25.19,26.73,24.17,26.25,24.81,476000.00
2020-03-31 00:00:00,26.01,26.33,25.41,26.12,24.68,399700.00
2020-04-01 00:00:00,25.15,26.67,25.01,26.49,25.03,510200.00
2020-04-02 00:00:00,26.32,27.20,25.15,25.96,24.53,412900.00
2020-04-03 00:00:00,27.80,28.06,25.66,25.97,24.54,461500.00
2020-04-06 00:00:00,27.18,28.24,27.12,27.93,26.39,305700.00
2020-04-07 00:00:00,29.04,30.26,27.30,27.87,26.34,564200.00
2020-04-08 00:00:00,28.53,29.34,27.74,29.23,27.62,345500.00
2020-04-09 00:00:00,29.89,31.51,29.72,30.63,28.95,397700.00
2020-04-13 00:00:00,30.60,30.60,29.27,30.23,28.57,214000.00
2020-04-14 00:00:00,30.96,31.79,30.31,30.52,28.84,282600.00
2020-04-15 00:00:00,29.19,29.40,28.18,29.10,27.50,389600.00
2020-04-16 00:00:00,28.94,29.18,27.74,28.28,26.73,512500.00
2020-04-17 00:00:00,29.34,30.61,29.34,29.81,28.17,406100.00
2020-04-20 00:00:00,29.01,29.83,28.57,29.13,27.53,396600.00
2020-04-21 00:00:00,28.27,29.15,27.77,28.47,26.91,333100.00
2020-04-22 00:00:00,29.38,29.69,28.61,29.25,27.64,323000.00
2020-04-23 00:00:00,29.70,30.73,29.70,29.94,28.29,307100.00
2020-04-24 00:00:00,30.40,30.65,29.77,30.27,28.61,211000.00
2020-04-27 00:00:00,30.62,32.46,30.51,32.15,30.38,368200.00
2020-04-28 00:00:00,33.00,33.95,32.55,32.96,31.15,270100.00
2020-04-29 00:00:00,33.93,35.36,33.63,34.96,33.04,288100.00
2020-04-30 00:00:00,34.20,34.78,33.55,33.89,32.03,493800.00
2020-05-01 00:00:00,31.38,32.90,31.36,31.84,30.09,482000.00
2020-05-04 00:00:00,30.80,31.87,30.65,31.43,29.70,309100.00
2020-05-05 00:00:00,32.14,32.76,31.38,31.40,29.67,259700.00
2020-05-06 00:00:00,31.60,31.86,30.87,30.90,29.20,194600.00
2020-05-07 00:00:00,31.44,32.10,31.21,31.34,29.62,215900.00
2020-05-08 00:00:00,31.89,32.52,31.89,32.49,30.70,481400.00
2020-05-11 00:00:00,31.76,32.25,30.84,31.84,30.09,718600.00
2020-05-12 00:00:00,31.54,32.39,29.24,29.47,27.85,1279100.00
2020-05-13 00:00:00,29.26,29.26,28.00,28.17,26.62,507300.00
2020-05-14 00:00:00,27.47,29.01,26.95,28.74,27.16,466700.00
2020-05-15 00:00:00,28.63,29.41,28.39,29.10,27.50,437600.00
2020-05-18 00:00:00,30.52,33.01,30.44,32.75,30.95,631300.00
2020-05-19 00:00:00,32.62,33.95,31.96,32.87,31.06,423800.00
2020-05-20 00:00:00,33.49,34.69,33.26,33.92,32.06,434700.00
2020-05-21 00:00:00,33.75,35.00,33.75,34.75,32.84,526800.00
2020-05-22 00:00:00,34.77,35.03,33.66,34.26,32.38,293100.00
2020-05-25 00:00:00,,,,,,
2020-05-26 00:00:00,35.63,37.08,35.63,36.21,34.22,390100.00
2020-05-27 00:00:00,37.12,38.34,36.93,37.72,35.65,643600.00
2020-05-28 00:00:00,37.90,37.90,36.40,36.53,34.85,597600.00
2020-05-29 00:00:00,36.20,36.68,35.60,35.72,34.07,358100.00
2020-06-01 00:00:00,35.91,36.88,35.84,36.50,34.82,234700.00
2020-06-02 00:00:00,36.82,37.99,36.82,37.52,35.79,402600.00
2020-06-03 00:00:00,38.27,39.53,37.92,39.23,37.42,289200.00
2020-06-04 00:00:00,39.16,40.63,38.31,40.59,38.72,469400.00
2020-06-05 00:00:00,42.26,43.66,41.04,41.19,39.29,524600.00
2020-06-08 00:00:00,42.14,43.06,41.32,43.04,41.06,347100.00
2020-06-09 00:00:00,42.25,42.90,41.99,42.13,40.19,667500.00
2020-06-10 00:00:00,42.46,42.47,39.55,39.58,37.75,513000.00
2020-06-11 00:00:00,37.68,37.89,35.05,35.19,33.57,379800.00
2020-06-12 00:00:00,36.81,37.24,35.04,36.15,34.48,310800.00
2020-06-15 00:00:00,34.81,37.71,34.81,36.84,35.14,472100.00
2020-06-16 00:00:00,38.67,39.20,37.68,38.46,36.69,354500.00
2020-06-17 00:00:00,38.60,38.76,37.91,37.94,36.19,510900.00
2020-06-18 00:00:00,37.37,38.03,37.08,37.31,35.59,359700.00
2020-06-19 00:00:00,38.06,38.60,36.91,37.16,35.45,578100.00
2020-06-22 00:00:00,36.77,36.89,36.04,36.66,34.97,265000.00
2020-06-23 00:00:00,37.44,37.44,36.58,37.06,35.35,397900.00
2020-06-24 00:00:00,36.48,36.48,35.15,35.67,34.03,397600.00
2020-06-25 00:00:00,35.29,36.43,35.00,36.39,34.71,393300.00
2020-06-26 00:00:00,36.03,36.03,35.00,35.26,33.63,719600.00
2020-06-29 00:00:00,35.81,36.97,35.69,36.55,34.86,267600.00
2020-06-30 00:00:00,36.30,37.22,35.90,37.05,35.34,238100.00
2020-07-01 00:00:00,37.14,37.32,36.43,36.51,34.83,409100.00
2020-07-02 00:00:00,37.53,38.23,36.88,37.00,35.29,214100.00
2020-07-03 00:00:00,,,,,,
2020-07-06 00:00:00,38.11,38.28,37.14,37.77,36.03,309200.00
2020-07-07 00:00:00,37.20,37.86,36.91,37.16,35.45,291300.00
2020-07-08 00:00:00,37.18,37.33,36.15,36.68,34.99,248400.00
2020-07-09 00:00:00,36.62,36.62,35.33,35.46,33.82,331900.00
2020-07-10 00:00:00,35.49,36.67,35.21,36.55,34.86,250000.00
2020-07-13 00:00:00,36.98,37.54,36.49,36.91,35.21,168600.00
2020-07-14 00:00:00,36.84,37.88,36.61,37.83,36.09,214200.00
2020-07-15 00:00:00,38.72,39.51,38.32,39.17,37.36,232400.00
2020-07-16 00:00:00,38.98,39.44,38.29,38.58,36.80,178500.00
2020-07-17 00:00:00,38.89,39.12,38.34,38.43,36.66,124100.00
2020-07-20 00:00:00,38.11,38.52,37.32,37.44,35.71,123300.00
2020-07-21 00:00:00,37.73,38.43,37.72,37.98,36.23,118800.00
2020-07-22 00:00:00,37.62,38.63,37.55,38.59,36.81,211600.00
2020-07-23 00:00:00,38.43,38.96,38.07,38.69,36.91,166800.00
2020-07-24 00:00:00,38.81,38.81,37.91,38.25,36.49,97100.00
2020-07-27 00:00:00,37.20,38.91,37.20,38.78,36.99,226800.00
2020-07-28 00:00:00,38.74,38.93,37.58,37.65,35.91,206300.00
2020-07-29 00:00:00,37.90,38.74,37.87,38.64,36.86,144700.00
2020-07-30 00:00:00,37.82,37.82,36.32,37.06,35.35,196700.00
2020-07-31 00:00:00,37.01,37.08,35.99,36.48,34.80,242700.00
2020-08-03 00:00:00,36.74,37.27,36.38,36.97,35.27,213200.00
2020-08-04 00:00:00,36.85,37.65,36.51,37.59,35.86,283400.00
2020-08-05 00:00:00,38.06,38.87,38.06,38.53,36.75,265600.00
2020-08-06 00:00:00,38.48,38.48,37.53,38.10,36.34,251400.00
2020-08-07 00:00:00,37.93,38.76,37.41,38.57,36.79,322300.00
2020-08-10 00:00:00,38.92,39.90,38.72,39.47,37.65,285600.00
2020-08-11 00:00:00,39.96,41.50,39.96,40.74,38.86,285700.00
2020-08-12 00:00:00,41.37,41.80,40.80,41.12,39.22,284100.00
2020-08-13 00:00:00,40.88,41.19,40.73,41.12,39.22,328100.00
2020-08-14 00:00:00,40.75,41.00,40.42,40.60,38.73,234300.00
2020-08-17 00:00:00,40.81,41.27,40.01,40.18,38.33,340500.00
2020-08-18 00:00:00,40.19,40.44,39.44,39.49,37.67,246300.00
2020-08-19 00:00:00,39.46,39.84,39.05,39.22,37.41,371700.00
2020-08-20 00:00:00,38.77,39.34,38.61,39.04,37.24,211300.00
2020-08-21 00:00:00,38.69,38.88,38.18,38.39,36.62,124700.00
2020-08-24 00:00:00,38.30,39.59,38.30,39.51,37.69,200300.00
2020-08-25 00:00:00,39.81,39.81,38.42,38.64,36.86,318300.00
2020-08-26 00:00:00,38.62,39.02,38.35,38.50,36.72,177200.00
2020-08-27 00:00:00,38.16,38.56,37.60,38.00,36.58,196900.00
2020-08-28 00:00:00,38.13,38.55,37.48,38.51,37.07,243900.00
2020-08-31 00:00:00,38.46,38.46,36.99,37.01,35.63,318500.00
2020-09-01 00:00:00,36.85,37.82,36.33,37.78,36.37,267600.00
2020-09-02 00:00:00,37.78,38.56,37.37,38.41,36.97,234200.00
2020-09-03 00:00:00,38.80,39.41,37.24,37.47,36.07,303900.00
2020-09-04 00:00:00,37.96,38.69,37.58,38.51,37.07,196400.00
2020-09-07 00:00:00,,,,,,
2020-09-08 00:00:00,37.92,38.22,36.76,37.28,35.89,368100.00
2020-09-09 00:00:00,37.45,38.55,37.43,38.41,36.97,332300.00
2020-09-10 00:00:00,38.56,38.89,37.89,37.91,36.49,263500.00
2020-09-11 00:00:00,38.12,38.31,37.56,37.86,36.45,203000.00
2020-09-14 00:00:00,38.05,38.67,37.78,38.47,37.03,265700.00
2020-09-15 00:00:00,38.75,38.93,38.21,38.34,36.91,196900.00
2020-09-16 00:00:00,38.59,39.15,38.24,38.75,37.30,393000.00
2020-09-17 00:00:00,38.20,40.29,38.10,40.11,38.61,472200.00
2020-09-18 00:00:00,40.37,40.55,39.42,39.49,38.01,1040300.00
2020-09-21 00:00:00,38.55,38.83,35.24,35.76,34.42,514100.00
2020-09-22 00:00:00,36.06,36.77,35.70,35.96,34.62,387200.00
2020-09-23 00:00:00,36.10,36.49,35.47,35.51,34.18,368900.00
2020-09-24 00:00:00,35.58,35.90,34.84,35.37,34.05,275800.00
2020-09-25 00:00:00,34.90,35.47,34.84,35.23,33.91,304700.00
2020-09-28 00:00:00,35.77,36.75,35.77,36.40,35.04,183700.00
2020-09-29 00:00:00,36.35,36.72,35.62,36.04,34.69,205200.00
2020-09-30 00:00:00,36.20,36.82,35.75,36.03,34.68,251600.00
2020-10-01 00:00:00,36.24,36.79,35.89,36.29,34.93,269200.00
2020-10-02 00:00:00,35.59,38.09,35.59,37.92,36.50,280100.00
2020-10-05 00:00:00,38.44,39.74,38.44,39.69,38.21,233600.00
2020-10-06 00:00:00,40.22,41.00,39.53,39.57,38.09,248300.00
2020-10-07 00:00:00,40.20,41.18,40.20,40.96,39.43,217300.00
2020-10-08 00:00:00,41.25,41.84,40.69,40.80,39.28,231300.00
2020-10-09 00:00:00,41.26,41.48,40.34,40.68,39.16,181500.00
2020-10-12 00:00:00,41.10,41.19,40.68,41.02,39.49,190400.00
2020-10-13 00:00:00,40.53,40.89,40.17,40.53,39.02,164600.00
2020-10-14 00:00:00,40.62,41.16,40.42,40.70,39.18,153100.00
2020-10-15 00:00:00,40.14,40.94,40.14,40.90,39.37,224900.00
2020-10-16 00:00:00,41.15,41.79,41.05,41.09,39.55,158600.00
2020-10-19 00:00:00,41.31,41.80,40.81,40.88,39.35,204500.00
2020-10-20 00:00:00,41.28,41.73,40.98,40.98,39.45,188500.00
2020-10-21 00:00:00,40.88,41.48,40.34,40.39,38.88,194400.00
2020-10-22 00:00:00,40.55,40.96,40.09,40.72,39.20,284100.00
2020-10-23 00:00:00,41.15,41.43,40.72,41.10,39.56,137200.00
2020-10-26 00:00:00,40.55,40.55,39.27,39.62,38.14,260400.00
2020-10-27 00:00:00,39.50,39.74,38.55,38.63,37.19,222800.00
2020-10-28 00:00:00,37.38,37.98,37.08,37.14,35.75,220600.00
2020-10-29 00:00:00,36.74,38.08,36.64,37.96,36.54,316700.00
2020-10-30 00:00:00,37.73,38.25,37.18,38.01,36.59,201900.00
2020-11-02 00:00:00,38.67,39.61,37.95,39.57,38.09,208700.00
2020-11-03 00:00:00,40.14,40.98,39.80,40.76,39.24,344900.00
2020-11-04 00:00:00,39.91,39.91,38.56,38.66,37.22,217300.00
2020-11-05 00:00:00,39.28,41.44,39.27,41.34,39.80,204000.00
2020-11-06 00:00:00,41.62,41.99,40.89,41.22,39.68,191900.00
2020-11-09 00:00:00,44.57,45.57,42.81,42.90,41.30,305200.00
2020-11-10 00:00:00,43.09,43.97,42.65,43.18,41.57,277000.00
2020-11-11 00:00:00,43.35,43.41,41.35,41.56,40.01,248000.00
2020-11-12 00:00:00,41.20,41.20,39.31,39.88,38.39,219500.00
2020-11-13 00:00:00,40.20,41.03,40.07,40.97,39.44,147100.00
2020-11-16 00:00:00,41.95,42.76,41.29,42.27,40.69,339000.00
2020-11-17 00:00:00,41.69,42.12,40.90,42.08,40.51,188800.00
2020-11-18 00:00:00,42.41,42.78,41.51,41.52,39.97,172900.00
2020-11-19 00:00:00,41.40,41.75,40.70,41.69,40.13,343400.00
2020-11-20 00:00:00,41.30,41.93,40.89,41.83,40.27,253100.00
2020-11-23 00:00:00,42.22,44.24,42.22,44.11,42.46,351700.00
2020-11-24 00:00:00,44.50,45.66,44.26,44.85,43.17,469300.00
2020-11-25 00:00:00,44.42,44.42,43.48,43.59,42.29,223600.00
2020-11-26 00:00:00,,,,,,
2020-11-27 00:00:00,43.68,43.88,43.10,43.61,42.31,95900.00
2020-11-30 00:00:00,43.37,43.37,41.31,41.41,40.18,522200.00
2020-12-01 00:00:00,42.12,42.19,41.24,41.51,40.27,438500.00
2020-12-02 00:00:00,41.34,41.90,40.90,41.68,40.44,472700.00
2020-12-03 00:00:00,41.75,41.98,41.16,41.41,40.18,426200.00
2020-12-04 00:00:00,41.62,43.03,41.61,43.02,41.74,742200.00
2020-12-07 00:00:00,43.00,43.31,42.12,42.24,40.98,310900.00
2020-12-08 00:00:00,41.90,42.79,41.90,42.01,40.76,386900.00
2020-12-09 00:00:00,42.72,43.20,41.55,41.72,40.48,344400.00
2020-12-10 00:00:00,41.35,41.99,41.28,41.73,40.49,584600.00
2020-12-11 00:00:00,41.49,42.31,41.05,41.77,40.53,308100.00
2020-12-14 00:00:00,42.39,42.61,40.92,40.95,39.73,358000.00
2020-12-15 00:00:00,41.39,41.70,40.91,41.57,40.33,383100.00
2020-12-16 00:00:00,41.60,42.58,41.38,42.42,41.16,463600.00
2020-12-17 00:00:00,42.73,43.80,42.54,43.45,42.16,437800.00
2020-12-18 00:00:00,43.69,44.40,43.07,44.28,42.96,1154000.00
2020-12-21 00:00:00,43.44,44.48,43.25,44.16,42.84,388100.00
2020-12-22 00:00:00,44.13,44.41,43.66,43.82,42.51,274000.00
2020-12-23 00:00:00,43.98,44.73,43.98,44.39,43.07,170000.00
2020-12-24 00:00:00,44.57,44.57,43.75,44.32,43.00,94400.00
2020-12-28 00:00:00,44.77,45.40,44.41,44.46,43.14,182700.00
2020-12-29 00:00:00,44.55,44.55,43.18,43.83,42.52,213300.00
2020-12-30 00:00:00,43.93,44.86,43.93,44.78,43.45,121900.00
2020-12-31 00:00:00,44.78,45.41,44.38,44.88,43.54,273900.00
2021-01-01 00:00:00,,,,,,
2021-01-04 00:00:00,45.25,45.88,43.93,44.40,43.08,337900.00
2021-01-05 00:00:00,44.30,46.06,44.30,45.79,44.43,258400.00
2021-01-06 00:00:00,46.48,48.64,46.34,48.12,46.69,349700.00
2021-01-07 00:00:00,48.48,49.10,47.83,48.21,46.77,311000.00
2021-01-08 00:00:00,48.61,48.84,47.61,48.14,46.71,295700.00
2021-01-11 00:00:00,47.51,49.05,47.25,48.52,47.07,234800.00
2021-01-12 00:00:00,48.63,49.72,48.48,49.67,48.19,325700.00
2021-01-13 00:00:00,49.66,49.70,48.30,48.83,47.38,472300.00
2021-01-14 00:00:00,49.24,49.90,48.84,48.93,47.47,325800.00
2021-01-15 00:00:00,48.30,48.33,47.19,47.44,46.03,310700.00
2021-01-18 00:00:00,,,,,,
2021-01-19 00:00:00,47.97,48.25,47.43,47.93,46.50,328400.00
2021-01-20 00:00:00,48.24,48.71,47.71,47.86,46.43,280900.00
2021-01-21 00:00:00,47.81,48.03,47.06,47.08,45.68,277700.00
2021-01-22 00:00:00,46.39,47.12,46.27,47.10,45.70,253900.00
2021-01-25 00:00:00,46.84,47.26,45.40,46.02,44.65,219700.00
2021-01-26 00:00:00,46.48,46.68,44.92,44.99,43.65,209900.00
2021-01-27 00:00:00,43.91,44.12,42.72,43.84,42.53,261200.00
2021-01-28 00:00:00,44.19,44.82,43.91,44.39,43.07,282600.00
2021-01-29 00:00:00,44.39,44.65,43.44,43.91,42.60,401400.00
2021-02-01 00:00:00,44.35,46.17,44.08,46.17,44.79,425600.00
2021-02-02 00:00:00,47.25,47.25,45.50,46.30,44.92,564600.00
2021-02-03 00:00:00,46.60,47.48,45.75,47.24,45.83,420600.00
2021-02-04 00:00:00,47.32,47.36,45.55,46.58,45.19,801200.00
2021-02-05 00:00:00,47.08,48.10,47.08,47.35,45.94,275900.00
2021-02-08 00:00:00,48.00,48.62,47.55,48.12,46.69,271600.00
2021-02-09 00:00:00,48.13,48.68,47.68,48.25,46.81,267800.00
2021-02-10 00:00:00,48.45,48.97,47.46,48.29,46.85,378900.00
2021-02-11 00:00:00,48.52,48.73,47.57,48.71,47.26,320100.00
2021-02-12 00:00:00,48.76,49.25,48.55,49.09,47.63,147800.00
2021-02-15 00:00:00,,,,,,
2021-02-16 00:00:00,49.75,50.58,49.56,49.94,48.45,692300.00
2021-02-17 00:00:00,49.50,49.90,49.09,49.54,48.06,199300.00
2021-02-18 00:00:00,49.27,49.49,48.35,48.55,47.10,188400.00
2021-02-19 00:00:00,48.79,50.13,48.79,49.80,48.32,265800.00
2021-02-22 00:00:00,49.89,51.32,49.68,50.52,49.01,273100.00
2021-02-23 00:00:00,50.20,50.64,49.35,50.37,48.87,266300.00
2021-02-24 00:00:00,50.32,51.81,50.32,51.58,50.04,283600.00
2021-02-25 00:00:00,51.37,51.40,49.78,49.80,48.65,268700.00
2021-02-26 00:00:00,49.55,49.85,48.45,49.23,48.09,283600.00
2021-03-01 00:00:00,50.31,50.95,50.01,50.71,49.54,232200.00
2021-03-02 00:00:00,50.89,51.06,50.16,50.22,49.06,166200.00
2021-03-03 00:00:00,50.07,50.72,49.84,49.88,48.72,186800.00
2021-03-04 00:00:00,49.92,50.49,48.10,48.84,47.71,289200.00
2021-03-05 00:00:00,49.40,50.79,48.88,50.78,49.60,319900.00
2021-03-08 00:00:00,50.95,52.62,50.85,51.88,50.68,227700.00
2021-03-09 00:00:00,52.37,52.37,51.22,51.50,50.31,215700.00
2021-03-10 00:00:00,51.68,53.13,51.65,52.92,51.69,156500.00
2021-03-11 00:00:00,53.22,53.79,52.61,52.82,51.60,115800.00
2021-03-12 00:00:00,53.05,53.24,52.50,53.05,51.82,112500.00
2021-03-15 00:00:00,52.88,52.88,51.76,52.66,51.44,127300.00
2021-03-16 00:00:00,52.35,53.10,51.46,52.70,51.48,254300.00
2021-03-17 00:00:00,52.81,54.19,52.81,54.11,52.86,203900.00
2021-03-18 00:00:00,54.10,54.90,53.18,53.26,52.03,221700.00
2021-03-19 00:00:00,53.23,53.35,51.81,52.70,51.48,652200.00
2021-03-22 00:00:00,52.74,52.74,51.67,52.47,51.25,293900.00
2021-03-23 00:00:00,51.82,52.29,49.46,49.90,48.74,306500.00
2021-03-24 00:00:00,50.49,51.91,50.26,50.33,49.16,207800.00
2021-03-25 00:00:00,49.84,51.59,49.24,51.31,50.12,304700.00
2021-03-26 00:00:00,52.30,53.10,51.61,52.56,51.34,275500.00
2021-03-29 00:00:00,52.50,53.20,51.32,51.44,50.25,242600.00
2021-03-30 00:00:00,51.44,52.59,51.05,52.51,51.29,207200.00
2021-03-31 00:00:00,52.50,53.14,52.03,52.44,51.23,544100.00
2021-04-01 00:00:00,52.67,53.35,52.02,53.28,52.05,303400.00
2021-04-05 00:00:00,53.71,54.32,53.20,53.74,52.50,218700.00
2021-04-06 00:00:00,53.44,54.59,53.44,54.15,52.90,278000.00
2021-04-07 00:00:00,54.25,54.34,53.31,53.36,52.12,216300.00
2021-04-08 00:00:00,53.34,53.34,52.31,52.86,51.64,267700.00
2021-04-09 00:00:00,52.95,53.26,52.63,53.16,51.93,174800.00
2021-04-12 00:00:00,53.34,54.30,53.22,53.92,52.67,362400.00
2021-04-13 00:00:00,53.77,53.77,52.39,52.91,51.68,207700.00
2021-04-14 00:00:00,52.95,54.03,52.66,53.44,52.20,138200.00
2021-04-15 00:00:00,53.73,54.44,53.09,54.07,52.82,241000.00
2021-04-16 00:00:00,54.69,55.11,54.22,54.75,53.48,155800.00
2021-04-19 00:00:00,54.71,55.06,54.44,54.74,53.47,261300.00
2021-04-20 00:00:00,54.42,54.58,53.09,53.89,52.64,288400.00
2021-04-21 00:00:00,53.81,55.59,53.76,55.29,54.01,422800.00
2021-04-22 00:00:00,55.28,55.28,54.29,54.30,53.04,423000.00
2021-04-23 00:00:00,54.34,55.59,54.22,55.40,54.12,310900.00
2021-04-26 00:00:00,55.51,56.14,55.46,55.68,54.39,351200.00
2021-04-27 00:00:00,55.51,56.42,55.24,56.20,54.90,236100.00
2021-04-28 00:00:00,56.50,57.17,56.48,56.74,55.43,193200.00
2021-04-29 00:00:00,57.10,57.44,56.33,56.43,55.12,362700.00
2021-04-30 00:00:00,56.04,56.46,54.82,54.88,53.61,408300.00
2021-05-03 00:00:00,55.49,56.70,55.19,56.09,54.79,286600.00
2021-05-04 00:00:00,57.10,58.70,56.16,57.40,56.07,388700.00
2021-05-05 00:00:00,58.70,61.16,58.31,60.91,59.50,1398400.00
2021-05-06 00:00:00,61.08,63.00,60.14,62.92,61.46,611400.00
2021-05-07 00:00:00,62.93,63.49,62.20,62.37,60.93,437400.00
2021-05-10 00:00:00,62.75,63.50,61.52,61.52,60.09,540100.00
2021-05-11 00:00:00,60.63,61.87,60.17,61.58,60.15,370700.00
2021-05-12 00:00:00,61.57,61.77,60.07,60.10,58.71,226200.00
2021-05-13 00:00:00,60.00,61.82,60.00,61.33,59.91,302000.00
2021-05-14 00:00:00,61.60,62.31,61.44,62.28,60.84,349300.00
2021-05-17 00:00:00,62.14,63.51,61.47,63.11,61.65,281400.00
2021-05-18 00:00:00,63.25,63.52,62.24,62.33,60.89,306900.00
2021-05-19 00:00:00,61.58,62.10,60.85,61.83,60.40,361800.00
2021-05-20 00:00:00,61.56,62.33,61.06,62.05,60.61,271100.00
2021-05-21 00:00:00,62.58,63.36,62.37,62.73,61.28,263000.00
2021-05-24 00:00:00,63.02,63.34,62.45,63.16,61.70,200500.00
2021-05-25 00:00:00,63.14,63.50,61.93,62.02,60.58,325700.00
2021-05-26 00:00:00,62.32,62.74,61.79,62.61,61.16,200200.00
2021-05-27 00:00:00,63.00,63.64,62.73,63.37,62.25,286000.00
2021-05-28 00:00:00,63.44,63.63,62.59,63.58,62.46,250800.00
2021-05-31 00:00:00,,,,,,
2021-06-01 00:00:00,63.82,64.95,63.71,64.76,63.62,246600.00
2021-06-02 00:00:00,64.90,64.90,63.58,63.87,62.74,411900.00
2021-06-03 00:00:00,63.52,64.39,62.58,64.28,63.14,493900.00
2021-06-04 00:00:00,64.59,65.14,63.77,64.85,63.70,528700.00
2021-06-07 00:00:00,65.11,65.25,63.23,63.29,62.17,320700.00
2021-06-08 00:00:00,63.04,63.81,62.30,63.68,62.55,290200.00
2021-06-09 00:00:00,63.37,63.57,62.70,62.82,61.71,164000.00
2021-06-10 00:00:00,63.36,63.45,62.24,62.31,61.21,162700.00
2021-06-11 00:00:00,62.72,63.23,62.34,62.59,61.48,152200.00
2021-06-14 00:00:00,62.50,62.69,61.16,61.49,60.40,261200.00
2021-06-15 00:00:00,61.63,61.71,60.83,61.38,60.30,361200.00
2021-06-16 00:00:00,61.17,61.42,60.09,60.57,59.50,371800.00
2021-06-17 00:00:00,60.48,60.48,57.23,57.72,56.70,466600.00
2021-06-18 00:00:00,57.00,57.67,56.39,56.49,55.49,791900.00
2021-06-21 00:00:00,57.36,58.38,56.92,57.61,56.59,501600.00
2021-06-22 00:00:00,57.45,57.97,56.70,57.13,56.12,387300.00
2021-06-23 00:00:00,57.40,57.92,56.88,57.27,56.26,426700.00
2021-06-24 00:00:00,57.51,57.75,56.42,57.04,56.03,546200.00
2021-06-25 00:00:00,57.16,57.87,56.03,56.74,55.74,6716400.00
2021-06-28 00:00:00,56.55,56.55,55.21,55.85,54.86,562100.00
2021-06-29 00:00:00,56.36,56.76,56.06,56.34,55.34,330500.00
2021-06-30 00:00:00,55.75,57.04,55.75,56.93,55.92,560600.00
2021-07-01 00:00:00,58.89,59.19,57.40,58.31,57.28,746900.00
2021-07-02 00:00:00,58.02,58.21,57.50,57.92,56.90,300500.00
2021-07-05 00:00:00,,,,,,
2021-07-06 00:00:00,58.01,58.02,56.28,57.11,56.10,683700.00
2021-07-07 00:00:00,56.94,58.46,56.82,58.20,57.17,411400.00
2021-07-08 00:00:00,57.03,57.47,56.25,56.62,55.62,383900.00
2021-07-09 00:00:00,57.76,58.68,57.40,58.41,57.38,273500.00
2021-07-12 00:00:00,57.49,58.86,57.21,58.79,57.75,269700.00
2021-07-13 00:00:00,58.45,58.80,57.43,57.54,56.52,305800.00
2021-07-14 00:00:00,57.83,58.36,56.87,57.17,56.16,244800.00
2021-07-15 00:00:00,56.53,57.22,56.24,56.27,55.28,412800.00
2021-07-16 00:00:00,56.69,56.89,53.74,53.75,52.80,428100.00
2021-07-19 00:00:00,52.24,52.62,51.30,51.80,50.88,367200.00
2021-07-20 00:00:00,51.70,52.45,51.20,51.96,51.04,669000.00
2021-07-21 00:00:00,52.60,53.07,51.92,52.41,51.48,488700.00
2021-07-22 00:00:00,52.24,52.39,51.22,51.79,50.87,517900.00
2021-07-23 00:00:00,53.68,53.68,52.06,53.53,52.58,513000.00
2021-07-26 00:00:00,53.72,54.47,53.59,54.18,53.22,295300.00
2021-07-27 00:00:00,53.50,54.08,52.87,53.60,52.65,182000.00
2021-07-28 00:00:00,53.87,54.41,52.94,53.99,53.04,202900.00
2021-07-29 00:00:00,54.92,55.50,54.64,55.07,54.10,281700.00
2021-07-30 00:00:00,54.83,55.90,54.67,55.06,54.09,266800.00
2021-08-02 00:00:00,55.53,56.55,54.38,54.48,53.52,290300.00
2021-08-03 00:00:00,54.90,55.39,53.51,55.27,54.29,203500.00
2021-08-04 00:00:00,54.47,55.13,53.26,53.31,52.37,275200.00
2021-08-05 00:00:00,53.74,54.13,53.15,53.19,52.25,187000.00
2021-08-06 00:00:00,53.97,54.58,53.49,53.99,53.04,293200.00
2021-08-09 00:00:00,53.34,53.80,52.72,53.72,52.77,273100.00
2021-08-10 00:00:00,51.69,54.15,50.47,54.08,53.12,661100.00
2021-08-11 00:00:00,54.49,55.59,53.96,55.54,54.56,320500.00
2021-08-12 00:00:00,55.72,55.72,54.54,55.50,54.52,232300.00
2021-08-13 00:00:00,55.38,55.63,54.97,55.28,54.30,165600.00
2021-08-16 00:00:00,54.72,55.11,53.79,54.99,54.02,273100.00
2021-08-17 00:00:00,54.43,54.87,53.23,54.50,53.54,310600.00
2021-08-18 00:00:00,54.40,55.37,54.10,54.39,53.43,535000.00
2021-08-19 00:00:00,53.52,53.97,52.01,52.06,51.14,213700.00
2021-08-20 00:00:00,52.00,52.50,51.74,52.13,51.21,201000.00
2021-08-23 00:00:00,52.53,53.31,52.36,53.20,52.26,198300.00
2021-08-24 00:00:00,53.29,54.24,53.29,53.77,52.82,207100.00
2021-08-25 00:00:00,54.04,54.69,53.24,54.38,53.42,215300.00
2021-08-26 00:00:00,53.86,53.97,52.64,52.83,52.23,205800.00
2021-08-27 00:00:00,52.90,55.23,52.90,55.04,54.42,316200.00
2021-08-30 00:00:00,55.06,55.19,53.94,54.00,53.39,148500.00
2021-08-31 00:00:00,54.21,54.21,53.22,53.40,52.80,251500.00
2021-09-01 00:00:00,53.57,53.62,52.18,53.20,52.60,199100.00
2021-09-02 00:00:00,53.13,53.94,52.66,53.66,53.05,370600.00
2021-09-03 00:00:00,53.50,53.82,52.15,52.64,52.04,232600.00
2021-09-06 00:00:00,,,,,,
2021-09-07 00:00:00,52.49,53.41,52.19,52.60,52.01,291300.00
2021-09-08 00:00:00,52.30,52.50,50.97,51.38,50.80,282000.00
2021-09-09 00:00:00,51.26,52.13,50.75,51.85,51.26,296900.00
2021-09-10 00:00:00,52.31,52.31,50.59,50.60,50.03,308000.00
2021-09-13 00:00:00,51.16,51.43,50.27,50.86,50.28,243900.00
2021-09-14 00:00:00,50.98,50.98,49.71,49.85,49.29,275200.00
2021-09-15 00:00:00,49.75,51.11,49.55,51.02,50.44,282900.00
2021-09-16 00:00:00,50.98,50.98,49.50,50.44,49.87,212500.00
2021-09-17 00:00:00,50.45,50.46,49.12,49.88,49.32,806900.00
2021-09-20 00:00:00,48.31,49.05,47.59,48.63,48.08,313900.00
2021-09-21 00:00:00,49.13,49.13,47.82,48.11,47.57,203400.00
2021-09-22 00:00:00,48.67,49.36,48.17,48.56,48.01,230700.00
2021-09-23 00:00:00,49.03,50.54,49.03,50.25,49.68,207000.00
2021-09-24 00:00:00,50.12,50.66,49.85,50.05,49.48,146400.00
2021-09-27 00:00:00,50.28,51.90,50.28,51.35,50.77,193500.00
2021-09-28 00:00:00,51.58,52.00,50.70,50.75,50.18,157600.00
2021-09-29 00:00:00,50.87,51.60,50.17,51.47,50.89,277100.00
2021-09-30 00:00:00,51.74,51.94,50.11,50.12,49.55,307600.00
2021-10-01 00:00:00,50.54,52.09,50.41,51.69,51.11,282600.00
2021-10-04 00:00:00,51.98,52.35,50.74,51.21,50.63,219200.00
2021-10-05 00:00:00,51.54,51.66,50.56,51.38,50.80,276300.00
2021-10-06 00:00:00,50.84,51.00,49.59,50.96,50.38,224900.00
2021-10-07 00:00:00,51.52,52.98,51.30,52.34,51.75,283600.00
2021-10-08 00:00:00,52.46,52.48,51.69,51.77,51.18,143400.00
2021-10-11 00:00:00,52.12,53.00,51.75,51.78,51.19,130300.00
2021-10-12 00:00:00,51.64,52.12,51.40,51.80,51.21,176800.00
2021-10-13 00:00:00,52.00,52.12,50.92,51.50,50.92,202000.00
2021-10-14 00:00:00,51.90,52.89,51.51,52.83,52.23,204400.00
2021-10-15 00:00:00,53.84,53.87,53.08,53.11,52.51,276400.00
2021-10-18 00:00:00,52.80,53.49,52.44,53.30,52.70,170900.00
2021-10-19 00:00:00,53.60,53.84,52.84,53.27,52.67,198300.00
2021-10-20 00:00:00,53.12,53.85,52.83,53.83,53.22,146500.00
2021-10-21 00:00:00,53.55,53.86,52.94,53.79,53.18,182200.00
2021-10-22 00:00:00,54.06,54.49,53.61,53.69,53.08,180500.00
2021-10-25 00:00:00,53.92,54.68,53.69,54.42,53.80,156400.00
2021-10-26 00:00:00,54.34,54.72,54.03,54.26,53.65,160400.00
2021-10-27 00:00:00,54.05,54.05,52.33,52.36,51.77,150000.00
2021-10-28 00:00:00,52.68,53.64,52.68,53.50,52.89,114000.00
2021-10-29 00:00:00,53.29,53.64,52.75,53.35,52.75,225000.00
2021-11-01 00:00:00,53.48,55.06,53.42,54.53,53.91,174300.00
2021-11-02 00:00:00,54.76,55.79,54.45,55.61,54.98,185600.00
2021-11-03 00:00:00,55.41,57.43,55.41,56.77,56.13,243700.00
2021-11-04 00:00:00,57.09,57.18,55.87,56.01,55.38,257000.00
2021-11-05 00:00:00,56.80,58.42,56.56,58.28,57.62,220500.00
2021-11-08 00:00:00,58.92,59.65,58.56,59.07,58.40,341200.00
2021-11-09 00:00:00,60.53,60.53,57.07,57.53,56.88,451700.00
2021-11-10 00:00:00,56.94,57.98,56.94,57.12,56.47,417100.00
2021-11-11 00:00:00,57.42,59.13,57.20,58.05,57.39,311000.00
2021-11-12 00:00:00,58.18,58.52,57.85,58.27,57.61,252900.00
2021-11-15 00:00:00,58.88,58.88,57.70,58.38,57.72,304500.00
2021-11-16 00:00:00,58.58,59.42,57.96,58.00,57.34,358200.00
2021-11-17 00:00:00,57.56,58.51,57.23,58.32,57.66,321700.00
2021-11-18 00:00:00,58.47,58.93,57.86,58.89,58.22,289600.00
2021-11-19 00:00:00,58.16,59.65,58.07,59.26,58.59,307000.00
2021-11-22 00:00:00,59.63,60.58,59.47,59.68,59.00,355700.00
2021-11-23 00:00:00,59.98,60.35,58.87,59.66,58.99,571300.00
2021-11-24 00:00:00,58.69,58.87,57.87,58.34,58.04,221500.00
2021-11-25 00:00:00,,,,,,
2021-11-26 00:00:00,56.00,56.85,54.80,55.83,55.54,303000.00
2021-11-29 00:00:00,56.42,56.77,54.21,54.39,54.11,311100.00
2021-11-30 00:00:00,53.88,54.35,52.17,52.48,52.21,351100.00
2021-12-01 00:00:00,53.80,54.07,50.96,50.97,50.71,356700.00
2021-12-02 00:00:00,51.36,53.82,51.13,53.48,53.21,249400.00
2021-12-03 00:00:00,53.71,56.50,53.68,55.46,55.17,582500.00
2021-12-06 00:00:00,56.43,56.93,55.74,56.00,55.71,312400.00
2021-12-07 00:00:00,56.35,57.29,55.95,56.06,55.77,315000.00
2021-12-08 00:00:00,56.32,56.94,55.89,56.40,56.11,229500.00
2021-12-09 00:00:00,55.72,56.56,55.52,55.80,55.51,253400.00
2021-12-10 00:00:00,56.47,56.53,55.58,56.15,55.86,241800.00
2021-12-13 00:00:00,55.54,56.13,54.57,54.78,54.50,315500.00
2021-12-14 00:00:00,54.52,55.87,54.52,55.08,54.80,419600.00
2021-12-15 00:00:00,55.21,55.75,54.25,55.68,55.39,307000.00
2021-12-16 00:00:00,56.13,56.66,54.73,54.99,54.71,343200.00
2021-12-17 00:00:00,54.88,55.18,53.64,53.76,53.48,594100.00
2021-12-20 00:00:00,52.77,52.83,51.09,51.91,51.64,293100.00
2021-12-21 00:00:00,52.51,53.55,52.35,53.50,53.22,184700.00
2021-12-22 00:00:00,53.48,54.33,53.16,54.07,53.79,195300.00
2021-12-23 00:00:00,54.49,54.91,54.25,54.58,54.30,160000.00
2021-12-24 00:00:00,,,,,,
2021-12-27 00:00:00,54.69,55.60,54.16,55.56,55.27,164500.00
2021-12-28 00:00:00,55.52,56.10,55.39,55.58,55.29,191600.00
2021-12-29 00:00:00,55.72,56.20,55.61,55.94,55.65,124700.00
2021-12-30 00:00:00,55.82,56.36,55.40,55.50,55.21,138100.00
2021-12-31 00:00:00,55.28,56.36,55.28,56.20,55.91,193400.00
2022-01-03 00:00:00,56.89,57.60,56.48,57.10,56.81,266200.00
2022-01-04 00:00:00,57.18,58.92,57.18,58.47,58.17,338700.00
2022-01-05 00:00:00,58.79,60.14,57.94,57.98,57.68,377700.00
2022-01-06 00:00:00,58.51,58.58,57.88,57.99,57.69,315800.00
2022-01-07 00:00:00,57.79,58.77,57.76,58.51,58.21,360800.00
2022-01-10 00:00:00,58.48,58.59,57.79,58.20,57.90,375800.00
2022-01-11 00:00:00,58.48,58.80,57.62,58.80,58.50,231600.00
2022-01-12 00:00:00,59.01,59.69,58.58,58.84,58.54,302900.00
2022-01-13 00:00:00,59.08,59.90,58.97,59.87,59.56,329800.00
2022-01-14 00:00:00,59.37,61.18,59.37,61.06,60.75,254100.00
2022-01-17 00:00:00,,,,,,
2022-01-18 00:00:00,60.50,60.58,58.59,60.04,59.73,374200.00
2022-01-19 00:00:00,59.88,60.06,58.08,58.08,57.78,275400.00
2022-01-20 00:00:00,58.20,58.50,56.32,56.41,56.12,225800.00
2022-01-21 00:00:00,56.19,57.59,55.45,55.63,55.34,307200.00
2022-01-24 00:00:00,54.93,56.11,53.73,55.82,55.53,441600.00
2022-01-25 00:00:00,55.07,55.88,53.61,55.50,55.21,373900.00
2022-01-26 00:00:00,55.94,56.63,54.08,54.70,54.42,323500.00
2022-01-27 00:00:00,55.50,56.18,53.74,54.25,53.97,251900.00
2022-01-28 00:00:00,54.20,55.67,53.32,55.62,55.33,473300.00
2022-01-31 00:00:00,54.81,55.29,54.16,54.99,54.71,439500.00
2022-02-01 00:00:00,57.01,62.27,56.70,62.19,61.87,1167600.00
2022-02-02 00:00:00,62.21,63.70,61.59,63.50,63.17,993300.00
2022-02-03 00:00:00,63.01,63.99,62.00,62.13,61.81,493000.00
2022-02-04 00:00:00,61.87,63.21,61.75,62.45,62.13,440200.00
2022-02-07 00:00:00,62.51,64.37,62.02,63.81,63.48,629000.00
2022-02-08 00:00:00,64.40,68.42,64.33,68.22,67.87,990400.00
2022-02-09 00:00:00,68.38,69.82,68.19,69.26,68.90,783100.00
2022-02-10 00:00:00,68.37,71.08,68.37,70.10,69.74,1525200.00
2022-02-11 00:00:00,69.69,70.79,68.98,69.41,69.05,630500.00
2022-02-14 00:00:00,69.46,69.85,68.60,69.72,69.36,529200.00
2022-02-15 00:00:00,70.31,73.20,70.31,72.75,72.38,597400.00
2022-02-16 00:00:00,72.50,74.87,72.40,74.51,74.13,691500.00
2022-02-17 00:00:00,73.42,74.10,72.44,73.71,73.33,484400.00
2022-02-18 00:00:00,73.47,74.78,73.43,74.10,73.72,524500.00
2022-02-21 00:00:00,,,,,,
2022-02-22 00:00:00,73.61,73.82,71.94,72.62,72.25,468000.00
2022-02-23 00:00:00,73.24,73.56,71.58,71.97,71.60,549800.00
2022-02-24 00:00:00,69.73,72.50,69.41,72.10,72.10,555700.00
2022-02-25 00:00:00,72.71,74.49,71.96,74.07,74.07,432900.00
2022-02-28 00:00:00,72.73,74.02,72.39,73.16,73.16,647400.00
2022-03-01 00:00:00,73.14,73.21,70.21,72.00,72.00,543600.00
2022-03-02 00:00:00,72.70,73.58,72.31,73.23,73.23,441500.00
2022-03-03 00:00:00,73.60,73.60,71.69,72.67,72.67,624700.00
2022-03-04 00:00:00,71.17,72.07,70.70,71.89,71.89,385700.00
2022-03-07 00:00:00,72.21,72.37,67.56,67.99,67.99,482000.00
2022-03-08 00:00:00,68.81,69.99,67.47,68.76,68.76,509900.00
2022-03-09 00:00:00,70.34,71.71,69.91,71.02,71.02,441400.00
2022-03-10 00:00:00,69.96,72.07,69.95,71.76,71.76,492600.00
2022-03-11 00:00:00,72.44,73.76,70.12,70.14,70.14,546300.00
2022-03-14 00:00:00,70.63,71.86,70.33,70.69,70.69,333200.00
2022-03-15 00:00:00,70.45,71.18,69.12,69.90,69.90,323500.00
2022-03-16 00:00:00,70.78,71.69,68.69,70.80,70.80,589500.00
2022-03-17 00:00:00,70.06,71.17,69.93,70.83,70.83,329000.00
2022-03-18 00:00:00,70.82,71.27,69.05,70.77,70.77,694100.00
2022-03-21 00:00:00,71.25,72.63,70.70,70.85,70.85,451200.00
2022-03-22 00:00:00,71.05,71.11,68.19,69.50,69.50,729200.00
2022-03-23 00:00:00,69.26,70.30,68.74,69.07,69.07,296200.00
2022-03-24 00:00:00,69.34,69.79,68.79,69.31,69.31,232200.00
2022-03-25 00:00:00,69.57,70.55,69.16,70.24,70.24,270100.00
2022-03-28 00:00:00,70.00,70.96,68.55,70.90,70.90,306900.00
2022-03-29 00:00:00,70.94,72.06,70.76,71.11,71.11,402000.00
2022-03-30 00:00:00,71.49,71.54,69.97,70.07,70.07,256000.00
2022-03-31 00:00:00,70.06,70.33,68.40,68.41,68.41,515500.00
2022-04-01 00:00:00,68.97,69.79,67.14,68.04,68.04,530900.00
2022-04-04 00:00:00,68.04,68.38,66.65,68.07,68.07,416200.00
2022-04-05 00:00:00,68.10,69.04,65.99,66.08,66.08,558000.00
2022-04-06 00:00:00,65.61,65.66,64.50,64.79,64.79,410300.00
2022-04-07 00:00:00,65.09,65.33,63.82,64.85,64.85,752900.00
2022-04-08 00:00:00,65.19,66.03,64.79,65.35,65.35,407800.00
2022-04-11 00:00:00,65.25,66.34,64.45,65.70,65.70,375100.00
2022-04-12 00:00:00,66.32,67.30,65.22,65.82,65.82,308300.00
2022-04-13 00:00:00,65.49,67.32,65.49,67.31,67.31,273000.00
2022-04-14 00:00:00,67.53,67.98,66.67,67.11,67.11,335300.00
2022-04-18 00:00:00,67.18,67.93,66.82,67.42,67.42,382100.00
2022-04-19 00:00:00,67.33,69.40,67.33,69.26,69.26,253900.00
2022-04-20 00:00:00,69.79,71.23,69.79,70.75,70.75,281300.00
2022-04-21 00:00:00,71.71,72.73,69.77,70.25,70.25,375200.00
2022-04-22 00:00:00,70.01,70.01,67.63,67.65,67.65,322800.00
2022-04-25 00:00:00,66.54,67.21,64.89,66.73,66.73,664000.00
2022-04-26 00:00:00,66.41,67.07,65.36,65.80,65.80,498600.00
2022-04-27 00:00:00,65.82,66.69,65.33,66.02,66.02,479700.00
2022-04-28 00:00:00,66.87,66.95,64.67,66.57,66.57,304400.00
2022-04-29 00:00:00,66.51,67.59,65.39,65.85,65.85,388800.00
2022-05-02 00:00:00,66.14,66.84,64.72,66.27,66.27,505000.00
2022-05-03 00:00:00,68.19,69.65,66.90,69.55,69.55,778700.00
2022-05-04 00:00:00,70.02,71.25,68.99,70.77,70.77,748700.00
2022-05-05 00:00:00,70.26,70.35,67.80,68.68,68.68,501600.00
2022-05-06 00:00:00,68.45,68.45,66.46,66.96,66.96,351900.00
2022-05-09 00:00:00,65.84,67.09,65.38,65.71,65.71,448200.00
2022-05-10 00:00:00,66.36,66.73,63.61,64.57,64.57,470000.00
2022-05-11 00:00:00,64.84,67.08,64.53,65.08,65.08,378400.00
2022-05-12 00:00:00,64.81,66.08,64.01,65.36,65.36,303800.00
2022-05-13 00:00:00,66.20,68.16,65.92,67.76,67.76,319900.00
2022-05-16 00:00:00,67.31,70.46,66.49,68.81,68.81,492300.00
2022-05-17 00:00:00,70.39,72.32,69.93,72.28,72.28,292300.00
2022-05-18 00:00:00,72.00,72.70,70.16,70.58,70.58,383900.00
2022-05-19 00:00:00,69.46,70.83,69.21,69.75,69.75,534400.00
2022-05-20 00:00:00,70.35,70.86,67.49,69.24,69.24,272700.00
2022-05-23 00:00:00,69.93,70.93,69.30,70.03,70.03,269900.00
2022-05-24 00:00:00,69.42,70.13,67.82,69.73,69.73,340200.00
2022-05-25 00:00:00,69.20,71.36,68.75,70.71,70.71,258800.00
2022-05-26 00:00:00,70.94,73.00,70.94,72.39,72.39,424300.00
2022-05-27 00:00:00,72.40,77.25,72.40,77.14,77.14,583900.00
2022-05-30 00:00:00,,,,,,
2022-05-31 00:00:00,77.48,78.62,75.57,75.61,75.61,828300.00
2022-06-01 00:00:00,75.95,76.11,72.21,74.11,74.11,409800.00
2022-06-02 00:00:00,74.25,78.12,74.25,77.99,77.99,664800.00
2022-06-03 00:00:00,77.12,77.76,75.14,75.69,75.69,351200.00
2022-06-06 00:00:00,76.58,78.54,76.13,78.03,78.03,666400.00
2022-06-07 00:00:00,77.42,77.63,76.61,77.58,77.58,489500.00
2022-06-08 00:00:00,76.97,78.21,75.76,75.87,75.87,388600.00
2022-06-09 00:00:00,75.49,76.13,74.27,74.33,74.33,295000.00
2022-06-10 00:00:00,73.09,74.64,71.70,72.81,72.81,627300.00
2022-06-13 00:00:00,70.89,71.24,67.76,68.73,68.73,805000.00
2022-06-14 00:00:00,,,,,,
